[{"model": "contenttypes.contenttype", "pk": 1, "fields": {"app_label": "admin", "model": "logentry"}}, {"model": "contenttypes.contenttype", "pk": 2, "fields": {"app_label": "auth", "model": "permission"}}, {"model": "contenttypes.contenttype", "pk": 3, "fields": {"app_label": "auth", "model": "group"}}, {"model": "contenttypes.contenttype", "pk": 4, "fields": {"app_label": "auth", "model": "user"}}, {"model": "contenttypes.contenttype", "pk": 5, "fields": {"app_label": "contenttypes", "model": "contenttype"}}, {"model": "contenttypes.contenttype", "pk": 6, "fields": {"app_label": "sessions", "model": "session"}}, {"model": "contenttypes.contenttype", "pk": 7, "fields": {"app_label": "social_auth", "model": "nonce"}}, {"model": "contenttypes.contenttype", "pk": 8, "fields": {"app_label": "social_auth", "model": "code"}}, {"model": "contenttypes.contenttype", "pk": 9, "fields": {"app_label": "social_auth", "model": "usersocialauth"}}, {"model": "contenttypes.contenttype", "pk": 10, "fields": {"app_label": "social_auth", "model": "association"}}, {"model": "contenttypes.contenttype", "pk": 11, "fields": {"app_label": "django_messages", "model": "message"}}, {"model": "contenttypes.contenttype", "pk": 12, "fields": {"app_label": "easy_thumbnails", "model": "thumbnaildimensions"}}, {"model": "contenttypes.contenttype", "pk": 13, "fields": {"app_label": "easy_thumbnails", "model": "thumbnail"}}, {"model": "contenttypes.contenttype", "pk": 14, "fields": {"app_label": "easy_thumbnails", "model": "source"}}, {"model": "contenttypes.contenttype", "pk": 15, "fields": {"app_label": "sites", "model": "site"}}, {"model": "contenttypes.contenttype", "pk": 16, "fields": {"app_label": "sherlock", "model": "profile"}}, {"model": "contenttypes.contenttype", "pk": 17, "fields": {"app_label": "sherlock", "model": "about"}}, {"model": "contenttypes.contenttype", "pk": 18, "fields": {"app_label": "sherlock", "model": "relative"}}, {"model": "contenttypes.contenttype", "pk": 19, "fields": {"app_label": "sherlock", "model": "image"}}, {"model": "sessions.session", "pk": "6rmyb2vfde3ntusz8rly42sg39gots6o", "fields": {"session_data": "MjRmZjI4ZjM5Mzg5MjBkNTljNDEzY2U4ZGU2MzlkZTE3MWVlNjExZDp7Il9hdXRoX3VzZXJfYmFja2VuZCI6ImRqYW5nby5jb250cmliLmF1dGguYmFja2VuZHMuTW9kZWxCYWNrZW5kIiwiX2F1dGhfdXNlcl9oYXNoIjoiZDZiMjQyM2QzNjM3NGUyMmQwZWM2M2QyNDM2Y2Y2NDE0NWFkYWM4OSIsIl9hdXRoX3VzZXJfaWQiOiIxIn0=", "expire_date": "2016-12-13T20:43:21.991Z"}}, {"model": "sessions.session", "pk": "w0uhx5oto3zdhukqfto8diumphc2q3kh", "fields": {"session_data": "ZmFjYThlZWRjNTVjODQ1NDhmYmJkZDRkZDE0NTBmMTlmMDQyNWQxMTp7Il9hdXRoX3VzZXJfaWQiOiIxIiwiX2F1dGhfdXNlcl9oYXNoIjoiZDZiMjQyM2QzNjM3NGUyMmQwZWM2M2QyNDM2Y2Y2NDE0NWFkYWM4OSIsIl9hdXRoX3VzZXJfYmFja2VuZCI6ImRqYW5nby5jb250cmliLmF1dGguYmFja2VuZHMuTW9kZWxCYWNrZW5kIn0=", "expire_date": "2016-12-14T17:19:05.807Z"}}, {"model": "sites.site", "pk": 1, "fields": {"domain": "example.com", "name": "example.com"}}, {"model": "auth.permission", "pk": 1, "fields": {"name": "Can add log entry", "content_type": 1, "codename": "add_logentry"}}, {"model": "auth.permission", "pk": 2, "fields": {"name": "Can change log entry", "content_type": 1, "codename": "change_logentry"}}, {"model": "auth.permission", "pk": 3, "fields": {"name": "Can delete log entry", "content_type": 1, "codename": "delete_logentry"}}, {"model": "auth.permission", "pk": 4, "fields": {"name": "Can add permission", "content_type": 2, "codename": "add_permission"}}, {"model": "auth.permission", "pk": 5, "fields": {"name": "Can change permission", "content_type": 2, "codename": "change_permission"}}, {"model": "auth.permission", "pk": 6, "fields": {"name": "Can delete permission", "content_type": 2, "codename": "delete_permission"}}, {"model": "auth.permission", "pk": 7, "fields": {"name": "Can add group", "content_type": 3, "codename": "add_group"}}, {"model": "auth.permission", "pk": 8, "fields": {"name": "Can change group", "content_type": 3, "codename": "change_group"}}, {"model": "auth.permission", "pk": 9, "fields": {"name": "Can delete group", "content_type": 3, "codename": "delete_group"}}, {"model": "auth.permission", "pk": 10, "fields": {"name": "Can add user", "content_type": 4, "codename": "add_user"}}, {"model": "auth.permission", "pk": 11, "fields": {"name": "Can change user", "content_type": 4, "codename": "change_user"}}, {"model": "auth.permission", "pk": 12, "fields": {"name": "Can delete user", "content_type": 4, "codename": "delete_user"}}, {"model": "auth.permission", "pk": 13, "fields": {"name": "Can add content type", "content_type": 5, "codename": "add_contenttype"}}, {"model": "auth.permission", "pk": 14, "fields": {"name": "Can change content type", "content_type": 5, "codename": "change_contenttype"}}, {"model": "auth.permission", "pk": 15, "fields": {"name": "Can delete content type", "content_type": 5, "codename": "delete_contenttype"}}, {"model": "auth.permission", "pk": 16, "fields": {"name": "Can add session", "content_type": 6, "codename": "add_session"}}, {"model": "auth.permission", "pk": 17, "fields": {"name": "Can change session", "content_type": 6, "codename": "change_session"}}, {"model": "auth.permission", "pk": 18, "fields": {"name": "Can delete session", "content_type": 6, "codename": "delete_session"}}, {"model": "auth.permission", "pk": 19, "fields": {"name": "Can add nonce", "content_type": 7, "codename": "add_nonce"}}, {"model": "auth.permission", "pk": 20, "fields": {"name": "Can change nonce", "content_type": 7, "codename": "change_nonce"}}, {"model": "auth.permission", "pk": 21, "fields": {"name": "Can delete nonce", "content_type": 7, "codename": "delete_nonce"}}, {"model": "auth.permission", "pk": 22, "fields": {"name": "Can add code", "content_type": 8, "codename": "add_code"}}, {"model": "auth.permission", "pk": 23, "fields": {"name": "Can change code", "content_type": 8, "codename": "change_code"}}, {"model": "auth.permission", "pk": 24, "fields": {"name": "Can delete code", "content_type": 8, "codename": "delete_code"}}, {"model": "auth.permission", "pk": 25, "fields": {"name": "Can add user social auth", "content_type": 9, "codename": "add_usersocialauth"}}, {"model": "auth.permission", "pk": 26, "fields": {"name": "Can change user social auth", "content_type": 9, "codename": "change_usersocialauth"}}, {"model": "auth.permission", "pk": 27, "fields": {"name": "Can delete user social auth", "content_type": 9, "codename": "delete_usersocialauth"}}, {"model": "auth.permission", "pk": 28, "fields": {"name": "Can add association", "content_type": 10, "codename": "add_association"}}, {"model": "auth.permission", "pk": 29, "fields": {"name": "Can change association", "content_type": 10, "codename": "change_association"}}, {"model": "auth.permission", "pk": 30, "fields": {"name": "Can delete association", "content_type": 10, "codename": "delete_association"}}, {"model": "auth.permission", "pk": 31, "fields": {"name": "Can add Message", "content_type": 11, "codename": "add_message"}}, {"model": "auth.permission", "pk": 32, "fields": {"name": "Can change Message", "content_type": 11, "codename": "change_message"}}, {"model": "auth.permission", "pk": 33, "fields": {"name": "Can delete Message", "content_type": 11, "codename": "delete_message"}}, {"model": "auth.permission", "pk": 34, "fields": {"name": "Can add thumbnail dimensions", "content_type": 12, "codename": "add_thumbnaildimensions"}}, {"model": "auth.permission", "pk": 35, "fields": {"name": "Can change thumbnail dimensions", "content_type": 12, "codename": "change_thumbnaildimensions"}}, {"model": "auth.permission", "pk": 36, "fields": {"name": "Can delete thumbnail dimensions", "content_type": 12, "codename": "delete_thumbnaildimensions"}}, {"model": "auth.permission", "pk": 37, "fields": {"name": "Can add thumbnail", "content_type": 13, "codename": "add_thumbnail"}}, {"model": "auth.permission", "pk": 38, "fields": {"name": "Can change thumbnail", "content_type": 13, "codename": "change_thumbnail"}}, {"model": "auth.permission", "pk": 39, "fields": {"name": "Can delete thumbnail", "content_type": 13, "codename": "delete_thumbnail"}}, {"model": "auth.permission", "pk": 40, "fields": {"name": "Can add source", "content_type": 14, "codename": "add_source"}}, {"model": "auth.permission", "pk": 41, "fields": {"name": "Can change source", "content_type": 14, "codename": "change_source"}}, {"model": "auth.permission", "pk": 42, "fields": {"name": "Can delete source", "content_type": 14, "codename": "delete_source"}}, {"model": "auth.permission", "pk": 43, "fields": {"name": "Can add site", "content_type": 15, "codename": "add_site"}}, {"model": "auth.permission", "pk": 44, "fields": {"name": "Can change site", "content_type": 15, "codename": "change_site"}}, {"model": "auth.permission", "pk": 45, "fields": {"name": "Can delete site", "content_type": 15, "codename": "delete_site"}}, {"model": "auth.permission", "pk": 46, "fields": {"name": "Can add profile", "content_type": 16, "codename": "add_profile"}}, {"model": "auth.permission", "pk": 47, "fields": {"name": "Can change profile", "content_type": 16, "codename": "change_profile"}}, {"model": "auth.permission", "pk": 48, "fields": {"name": "Can delete profile", "content_type": 16, "codename": "delete_profile"}}, {"model": "auth.permission", "pk": 49, "fields": {"name": "Can add about", "content_type": 17, "codename": "add_about"}}, {"model": "auth.permission", "pk": 50, "fields": {"name": "Can change about", "content_type": 17, "codename": "change_about"}}, {"model": "auth.permission", "pk": 51, "fields": {"name": "Can delete about", "content_type": 17, "codename": "delete_about"}}, {"model": "auth.permission", "pk": 52, "fields": {"name": "Can add relative", "content_type": 18, "codename": "add_relative"}}, {"model": "auth.permission", "pk": 53, "fields": {"name": "Can change relative", "content_type": 18, "codename": "change_relative"}}, {"model": "auth.permission", "pk": 54, "fields": {"name": "Can delete relative", "content_type": 18, "codename": "delete_relative"}}, {"model": "auth.permission", "pk": 55, "fields": {"name": "Can add image", "content_type": 19, "codename": "add_image"}}, {"model": "auth.permission", "pk": 56, "fields": {"name": "Can change image", "content_type": 19, "codename": "change_image"}}, {"model": "auth.permission", "pk": 57, "fields": {"name": "Can delete image", "content_type": 19, "codename": "delete_image"}}, {"model": "auth.user", "pk": 1, "fields": {"password": "pbkdf2_sha256$30000$NM5r8bTudMfJ$LlsgqiO72llmPBr3k8gVQFllhIzr8dUSgKH0xhXezSQ=", "last_login": "2016-11-30T17:19:05.805Z", "is_superuser": true, "username": "admin", "first_name": "", "last_name": "", "email": "", "is_staff": true, "is_active": true, "date_joined": "2016-11-29T20:42:51.308Z", "groups": [], "user_permissions": []}}, {"model": "auth.user", "pk": 2, "fields": {"password": "pbkdf2_sha256$30000$aEALDb06FdAY$Y4GtpX9Hqo+NZfJC3wZIIhipKcZg4XcmiTsR+plWLHU=", "last_login": null, "is_superuser": false, "username": "brownelephant855", "first_name": "", "last_name": "", "email": "", "is_staff": false, "is_active": true, "date_joined": "2016-11-29T20:45:41.138Z", "groups": [], "user_permissions": []}}, {"model": "auth.user", "pk": 3, "fields": {"password": "pbkdf2_sha256$30000$G7G0UFxM6Zog$rCvKaxAGeTqBOkFSo3TANWV13GjW1Jt26A/V1FAh1sE=", "last_login": null, "is_superuser": false, "username": "beautifullion551", "first_name": "", "last_name": "", "email": "", "is_staff": false, "is_active": true, "date_joined": "2016-11-29T20:45:41.301Z", "groups": [], "user_permissions": []}}, {"model": "auth.user", "pk": 4, "fields": {"password": "pbkdf2_sha256$30000$l0k1wRBFQDJw$JTvA9MIRLwbH2yz3huMaM+CQuE2xuW/+vcxAgsWwMlQ=", "last_login": null, "is_superuser": false, "username": "purpledog327", "first_name": "", "last_name": "", "email": "", "is_staff": false, "is_active": true, "date_joined": "2016-11-29T20:45:41.369Z", "groups": [], "user_permissions": []}}, {"model": "auth.user", "pk": 5, "fields": {"password": "pbkdf2_sha256$30000$R4WOlN5TxSXP$8gwmQtr78Ke+kTLTSAqpH1Od0uJL+4EmGjE/7rgOj1A=", "last_login": null, "is_superuser": false, "username": "organiclion629", "first_name": "", "last_name": "", "email": "", "is_staff": false, "is_active": true, "date_joined": "2016-11-29T20:45:41.455Z", "groups": [], "user_permissions": []}}, {"model": "auth.user", "pk": 6, "fields": {"password": "pbkdf2_sha256$30000$6nappEBAteoP$jtZgMQQDbFpp+QqCtMHXvDuX+PXbSNKt89FRj5G09rc=", "last_login": "2016-11-30T13:56:25.497Z", "is_superuser": false, "username": "bluegorilla101", "first_name": "", "last_name": "", "email": "", "is_staff": false, "is_active": true, "date_joined": "2016-11-29T20:45:41.525Z", "groups": [], "user_permissions": []}}, {"model": "auth.user", "pk": 7, "fields": {"password": "pbkdf2_sha256$30000$Dz03dWXivWaN$n3pzCk+QIv6i1l4GY18HOr3LqQPmRwLrxCp8XFPNdEQ=", "last_login": null, "is_superuser": false, "username": "bigcat754", "first_name": "", "last_name": "", "email": "", "is_staff": false, "is_active": true, "date_joined": "2016-11-29T20:45:41.601Z", "groups": [], "user_permissions": []}}, {"model": "auth.user", "pk": 8, "fields": {"password": "pbkdf2_sha256$30000$z47yz3GIcXCh$BaMCCmgxHiG/6OlJJKsaRXpBdtggZkm01chvjoEmJfo=", "last_login": "2016-11-30T17:02:00.329Z", "is_superuser": false, "username": "orangemeercat494", "first_name": "", "last_name": "", "email": "", "is_staff": false, "is_active": true, "date_joined": "2016-11-29T20:45:41.675Z", "groups": [], "user_permissions": []}}, {"model": "auth.user", "pk": 9, "fields": {"password": "pbkdf2_sha256$30000$Alb37cLMkoQE$Uru1yW2RLOleNC+qDtjV8PJKFKT0zw3g08q3zf4Tg+4=", "last_login": null, "is_superuser": false, "username": "greenbear200", "first_name": "", "last_name": "", "email": "", "is_staff": false, "is_active": true, "date_joined": "2016-11-29T20:45:41.733Z", "groups": [], "user_permissions": []}}, {"model": "auth.user", "pk": 10, "fields": {"password": "pbkdf2_sha256$30000$HBGbkdtBZQzw$eseAskjgLt1rizEXP5T5V7LfX1eSLe+EYN2mwnnrmxk=", "last_login": null, "is_superuser": false, "username": "organicostrich659", "first_name": "", "last_name": "", "email": "", "is_staff": false, "is_active": true, "date_joined": "2016-11-29T20:45:41.793Z", "groups": [], "user_permissions": []}}, {"model": "auth.user", "pk": 11, "fields": {"password": "pbkdf2_sha256$30000$lQ5oL6HjBTmh$TDl4NF4jO7f7+Z2/4PLJN64MVZZXiiQst01vJhKa0UE=", "last_login": null, "is_superuser": false, "username": "tinyfrog336", "first_name": "", "last_name": "", "email": "", "is_staff": false, "is_active": true, "date_joined": "2016-11-29T20:45:41.857Z", "groups": [], "user_permissions": []}}, {"model": "auth.user", "pk": 12, "fields": {"password": "pbkdf2_sha256$30000$g4SQSw882tjv$vZoIzHMlguuAwAkNc6Wf9UPlUF0rhGBu7UDdTbgYER0=", "last_login": null, "is_superuser": false, "username": "orangepanda906", "first_name": "", "last_name": "", "email": "", "is_staff": false, "is_active": true, "date_joined": "2016-11-29T20:46:14.554Z", "groups": [], "user_permissions": []}}, {"model": "auth.user", "pk": 13, "fields": {"password": "pbkdf2_sha256$30000$jkTNFy7Xzjjn$usf9Oi1gtPAAYo0iJmMjExd6RkTNtLwde4/3ZuN/ZNk=", "last_login": null, "is_superuser": false, "username": "blueostrich337", "first_name": "", "last_name": "", "email": "", "is_staff": false, "is_active": true, "date_joined": "2016-11-29T20:46:14.618Z", "groups": [], "user_permissions": []}}, {"model": "auth.user", "pk": 14, "fields": {"password": "pbkdf2_sha256$30000$HOVeh1se3oPM$apj07aFRF7tBljmK/szZV5XeKOKld5kQ2M3kUzG5lyw=", "last_login": null, "is_superuser": false, "username": "blackostrich182", "first_name": "", "last_name": "", "email": "", "is_staff": false, "is_active": true, "date_joined": "2016-11-29T20:46:14.680Z", "groups": [], "user_permissions": []}}, {"model": "auth.user", "pk": 15, "fields": {"password": "pbkdf2_sha256$30000$8vBxErcPd3uL$ldjPGyjI3YbR2KKh/SfkEzoy3cBwBcYLjKrH3XtHxcE=", "last_login": null, "is_superuser": false, "username": "redcat435", "first_name": "", "last_name": "", "email": "", "is_staff": false, "is_active": true, "date_joined": "2016-11-29T20:46:14.744Z", "groups": [], "user_permissions": []}}, {"model": "auth.user", "pk": 16, "fields": {"password": "pbkdf2_sha256$30000$ulQu2ataPnLw$thFTHwbswWCu8EI3SoXHYyruM3qiKUjcWpOrbuawjT4=", "last_login": null, "is_superuser": false, "username": "beautifulleopard413", "first_name": "", "last_name": "", "email": "", "is_staff": false, "is_active": true, "date_joined": "2016-11-29T20:46:14.815Z", "groups": [], "user_permissions": []}}, {"model": "auth.user", "pk": 17, "fields": {"password": "pbkdf2_sha256$30000$5zzJtia56Aac$Y50cciRpVWD/niIbCoq2zEnaIigwCsdgZ8UjMLayOVs=", "last_login": null, "is_superuser": false, "username": "blueleopard489", "first_name": "", "last_name": "", "email": "", "is_staff": false, "is_active": true, "date_joined": "2016-11-29T20:46:14.874Z", "groups": [], "user_permissions": []}}, {"model": "auth.user", "pk": 18, "fields": {"password": "pbkdf2_sha256$30000$5t4EO2G0yZLn$NM55Bogb1i6L7mOC1dK1NbXv1M9FxCqZL1IUYZsJtyM=", "last_login": null, "is_superuser": false, "username": "yellowswan495", "first_name": "", "last_name": "", "email": "", "is_staff": false, "is_active": true, "date_joined": "2016-11-29T20:46:14.962Z", "groups": [], "user_permissions": []}}, {"model": "auth.user", "pk": 19, "fields": {"password": "pbkdf2_sha256$30000$c59D98RKlX9v$kgYNAiCJ2Y6wavm1voYCdr4v1mRY+m9ZDAwkTStD2+8=", "last_login": null, "is_superuser": false, "username": "organicfrog967", "first_name": "", "last_name": "", "email": "", "is_staff": false, "is_active": true, "date_joined": "2016-11-29T20:46:15.024Z", "groups": [], "user_permissions": []}}, {"model": "auth.user", "pk": 20, "fields": {"password": "pbkdf2_sha256$30000$j7yIzwDCIdSN$mkANAX5vj2GFTYaT4LrwTbjhllunkIX8KnulH8KFS0c=", "last_login": null, "is_superuser": false, "username": "greenmouse873", "first_name": "", "last_name": "", "email": "", "is_staff": false, "is_active": true, "date_joined": "2016-11-29T20:46:15.090Z", "groups": [], "user_permissions": []}}, {"model": "auth.user", "pk": 21, "fields": {"password": "pbkdf2_sha256$30000$tinHWTe9f7ng$Sb3OZho18QnfCiyGLTplDvjtASUpxDm/ywYamlwYIdA=", "last_login": null, "is_superuser": false, "username": "purplegorilla881", "first_name": "", "last_name": "", "email": "", "is_staff": false, "is_active": true, "date_joined": "2016-11-29T20:46:15.163Z", "groups": [], "user_permissions": []}}, {"model": "sherlock.profile", "pk": 1, "fields": {"user": 1, "picture": "", "first_name": "", "middle_name": "", "last_name": "", "gender": "", "joined": "2016-11-29T20:42:51.338Z"}}, {"model": "sherlock.profile", "pk": 2, "fields": {"user": 2, "picture": "profile_img/8.jpg", "first_name": "Arthur", "middle_name": "", "last_name": "Wade", "gender": "male", "joined": "2016-11-29T20:45:41.170Z"}}, {"model": "sherlock.profile", "pk": 3, "fields": {"user": 3, "picture": "profile_img/9.jpg", "first_name": "patrick", "middle_name": "", "last_name": "campbell", "gender": "male", "joined": "2016-11-29T20:45:41.328Z"}}, {"model": "sherlock.profile", "pk": 4, "fields": {"user": 4, "picture": "profile_img/14.jpg", "first_name": "nathan", "middle_name": "", "last_name": "reyes", "gender": "male", "joined": "2016-11-29T20:45:41.413Z"}}, {"model": "sherlock.profile", "pk": 5, "fields": {"user": 5, "picture": "profile_img/f1.jpg", "first_name": "diane", "middle_name": "", "last_name": "gibson", "gender": "female", "joined": "2016-11-29T20:45:41.484Z"}}, {"model": "sherlock.profile", "pk": 6, "fields": {"user": 6, "picture": "profile_img/f3.jpg", "first_name": "Dolores", "middle_name": "", "last_name": "Barnes", "gender": "female", "joined": "2016-11-29T20:45:41.559Z"}}, {"model": "sherlock.profile", "pk": 7, "fields": {"user": 7, "picture": "profile_img/24.jpg", "first_name": "jacob", "middle_name": "", "last_name": "gomez", "gender": "male", "joined": "2016-11-29T20:45:41.634Z"}}, {"model": "sherlock.profile", "pk": 8, "fields": {"user": 8, "picture": "profile_img/26.jpg", "first_name": "herman", "middle_name": "", "last_name": "McCoy", "gender": "male", "joined": "2016-11-29T20:45:41.706Z"}}, {"model": "sherlock.profile", "pk": 9, "fields": {"user": 9, "picture": "profile_img/f40.jpg", "first_name": "gina", "middle_name": "", "last_name": "walker", "gender": "female", "joined": "2016-11-29T20:45:41.762Z"}}, {"model": "sherlock.profile", "pk": 10, "fields": {"user": 10, "picture": "profile_img/41.jpg", "first_name": "kevin", "middle_name": "", "last_name": "mitchelle", "gender": "male", "joined": "2016-11-29T20:45:41.820Z"}}, {"model": "sherlock.profile", "pk": 11, "fields": {"user": 11, "picture": "profile_img/42.jpg", "first_name": "jerome", "middle_name": "", "last_name": "matthews", "gender": "male", "joined": "2016-11-29T20:45:41.885Z"}}, {"model": "sherlock.profile", "pk": 12, "fields": {"user": 12, "picture": "profile_img/f53.jpg", "first_name": "valerie", "middle_name": "", "last_name": "hunt", "gender": "female", "joined": "2016-11-29T20:46:14.583Z"}}, {"model": "sherlock.profile", "pk": 13, "fields": {"user": 13, "picture": "profile_img/f69.jpg", "first_name": "leta", "middle_name": "", "last_name": "bates", "gender": "female", "joined": "2016-11-29T20:46:14.647Z"}}, {"model": "sherlock.profile", "pk": 14, "fields": {"user": 14, "picture": "profile_img/57.jpg", "first_name": "hector", "middle_name": "", "last_name": "holmes", "gender": "male", "joined": "2016-11-29T20:46:14.710Z"}}, {"model": "sherlock.profile", "pk": 15, "fields": {"user": 15, "picture": "profile_img/61.jpg", "first_name": "stephen", "middle_name": "", "last_name": "walker", "gender": "male", "joined": "2016-11-29T20:46:14.774Z"}}, {"model": "sherlock.profile", "pk": 16, "fields": {"user": 16, "picture": "profile_img/80.jpg", "first_name": "marshall", "middle_name": "", "last_name": "simmmons", "gender": "male", "joined": "2016-11-29T20:46:14.843Z"}}, {"model": "sherlock.profile", "pk": 17, "fields": {"user": 17, "picture": "profile_img/f74.jpg", "first_name": "ava", "middle_name": "", "last_name": "moore", "gender": "female", "joined": "2016-11-29T20:46:14.907Z"}}, {"model": "sherlock.profile", "pk": 18, "fields": {"user": 18, "picture": "profile_img/82.jpg", "first_name": "gregory", "middle_name": "", "last_name": "spencer", "gender": "male", "joined": "2016-11-29T20:46:14.992Z"}}, {"model": "sherlock.profile", "pk": 19, "fields": {"user": 19, "picture": "profile_img/f80.jpg", "first_name": "jennifer", "middle_name": "", "last_name": "ford", "gender": "female", "joined": "2016-11-29T20:46:15.055Z"}}, {"model": "sherlock.profile", "pk": 20, "fields": {"user": 20, "picture": "profile_img/57_dISCRYo.jpg", "first_name": "rafael", "middle_name": "", "last_name": "watts", "gender": "male", "joined": "2016-11-29T20:46:15.122Z"}}, {"model": "sherlock.profile", "pk": 21, "fields": {"user": 21, "picture": "profile_img/f90.jpg", "first_name": "scarlett", "middle_name": "", "last_name": "weaver", "gender": "female", "joined": "2016-11-29T20:46:15.194Z"}}, {"model": "sherlock.about", "pk": 1, "fields": {"user": 1, "biography": "", "birthdate": "1993-06-22", "city_of_birth": "", "state_of_birth": "", "country_of_birth": "", "sex_at_birth": "Male", "eye_color": "Other", "mother_first_name": "", "mother_maiden_name": "", "mother_last_name": "", "father_first_name": "", "father_last_name": "", "birth_hospital": "General Hospital", "searching_for": "Cousin"}}, {"model": "sherlock.about", "pk": 2, "fields": {"user": 2, "biography": "", "birthdate": "1985-06-20", "city_of_birth": "Providence", "state_of_birth": "Rhode Island (RI)", "country_of_birth": "USA", "sex_at_birth": "Male", "eye_color": "Blue", "mother_first_name": "Maria", "mother_maiden_name": "", "mother_last_name": "Wade", "father_first_name": "William", "father_last_name": "Wade", "birth_hospital": "St. Saint Hospital", "searching_for": "Sibling"}}, {"model": "sherlock.about", "pk": 3, "fields": {"user": 3, "biography": "", "birthdate": "1991-11-08", "city_of_birth": "Boston", "state_of_birth": "Massachusetts (MA)", "country_of_birth": "USA", "sex_at_birth": "Male", "eye_color": "Blue", "mother_first_name": "Lea", "mother_maiden_name": "", "mother_last_name": "Campbell", "father_first_name": "", "father_last_name": "Campbell", "birth_hospital": "Duke Hospital", "searching_for": "Parent"}}, {"model": "sherlock.about", "pk": 4, "fields": {"user": 4, "biography": "", "birthdate": "1975-11-03", "city_of_birth": "Jefferson City", "state_of_birth": "Missouri (MO)", "country_of_birth": "USA", "sex_at_birth": "Male", "eye_color": "Blue", "mother_first_name": "", "mother_maiden_name": "", "mother_last_name": "", "father_first_name": "", "father_last_name": "", "birth_hospital": "John Doe Memorial Hospital", "searching_for": "Parent"}}, {"model": "sherlock.about", "pk": 5, "fields": {"user": 5, "biography": "", "birthdate": "1972-04-26", "city_of_birth": "Salt Lake City", "state_of_birth": "Utah (UT)", "country_of_birth": "", "sex_at_birth": "Female", "eye_color": "Gray", "mother_first_name": "", "mother_maiden_name": "", "mother_last_name": "", "father_first_name": "", "father_last_name": "", "birth_hospital": "Sacred Heart Hospital", "searching_for": "Parent"}}, {"model": "sherlock.about", "pk": 6, "fields": {"user": 6, "biography": "", "birthdate": "1982-01-09", "city_of_birth": "Salt Lake City", "state_of_birth": "Utah (UT)", "country_of_birth": "", "sex_at_birth": "Female", "eye_color": "Gray", "mother_first_name": "", "mother_maiden_name": "", "mother_last_name": "", "father_first_name": "", "father_last_name": "", "birth_hospital": "Northwestern Memorial Hospital", "searching_for": "Parent"}}, {"model": "sherlock.about", "pk": 7, "fields": {"user": 7, "biography": "", "birthdate": "1981-06-10", "city_of_birth": "New Orleans", "state_of_birth": "Louisiana (LA)", "country_of_birth": "", "sex_at_birth": "Male", "eye_color": "Blue", "mother_first_name": "", "mother_maiden_name": "", "mother_last_name": "", "father_first_name": "", "father_last_name": "", "birth_hospital": "Northwestern Memorial Hospital", "searching_for": "Parent"}}, {"model": "sherlock.about", "pk": 8, "fields": {"user": 8, "biography": "", "birthdate": "1981-04-06", "city_of_birth": "Providence", "state_of_birth": "Rhode Island (RI)", "country_of_birth": "", "sex_at_birth": "Male", "eye_color": "Gray", "mother_first_name": "", "mother_maiden_name": "", "mother_last_name": "", "father_first_name": "", "father_last_name": "", "birth_hospital": "Duke Hospital", "searching_for": "Child"}}, {"model": "sherlock.about", "pk": 9, "fields": {"user": 9, "biography": "", "birthdate": "1997-05-25", "city_of_birth": "Asheville", "state_of_birth": "North Carolina (NC)", "country_of_birth": "", "sex_at_birth": "Female", "eye_color": "Gray", "mother_first_name": "", "mother_maiden_name": "", "mother_last_name": "", "father_first_name": "", "father_last_name": "", "birth_hospital": "Duke Hospital", "searching_for": "Parent"}}, {"model": "sherlock.about", "pk": 10, "fields": {"user": 10, "biography": "", "birthdate": "1991-11-01", "city_of_birth": "Elgin", "state_of_birth": "South Carolina (SC)", "country_of_birth": "", "sex_at_birth": "Male", "eye_color": "Blue", "mother_first_name": "", "mother_maiden_name": "", "mother_last_name": "", "father_first_name": "", "father_last_name": "", "birth_hospital": "St. Saint Hospital", "searching_for": "Parent"}}, {"model": "sherlock.about", "pk": 11, "fields": {"user": 11, "biography": "", "birthdate": "1997-09-20", "city_of_birth": "Toledo", "state_of_birth": "Ohio (OH)", "country_of_birth": "", "sex_at_birth": "Male", "eye_color": "Blue", "mother_first_name": "", "mother_maiden_name": "", "mother_last_name": "", "father_first_name": "", "father_last_name": "", "birth_hospital": "Northwestern Memorial Hospital", "searching_for": "Parent"}}, {"model": "sherlock.about", "pk": 12, "fields": {"user": 12, "biography": "", "birthdate": "1976-05-21", "city_of_birth": "Asheville", "state_of_birth": "North Carolina (NC)", "country_of_birth": "", "sex_at_birth": "Female", "eye_color": "Brown", "mother_first_name": "", "mother_maiden_name": "", "mother_last_name": "", "father_first_name": "", "father_last_name": "", "birth_hospital": "Mary Black Memorial Hospital", "searching_for": "Child"}}, {"model": "sherlock.about", "pk": 13, "fields": {"user": 13, "biography": "", "birthdate": "1972-05-03", "city_of_birth": "Phoenix", "state_of_birth": "Arizona (AZ)", "country_of_birth": "", "sex_at_birth": "Female", "eye_color": "Brown", "mother_first_name": "", "mother_maiden_name": "", "mother_last_name": "", "father_first_name": "", "father_last_name": "", "birth_hospital": "Johns Hopkins Hospital", "searching_for": "Child"}}, {"model": "sherlock.about", "pk": 14, "fields": {"user": 14, "biography": "", "birthdate": "1990-06-19", "city_of_birth": "Cleveland", "state_of_birth": "Ohio (OH)", "country_of_birth": "", "sex_at_birth": "Male", "eye_color": "Blue", "mother_first_name": "", "mother_maiden_name": "", "mother_last_name": "", "father_first_name": "", "father_last_name": "", "birth_hospital": "Mayo Clinic", "searching_for": "Parent"}}, {"model": "sherlock.about", "pk": 15, "fields": {"user": 15, "biography": "", "birthdate": "1977-10-06", "city_of_birth": "Baltimore", "state_of_birth": "Maryland (MD)", "country_of_birth": "", "sex_at_birth": "Male", "eye_color": "Green", "mother_first_name": "", "mother_maiden_name": "", "mother_last_name": "", "father_first_name": "", "father_last_name": "", "birth_hospital": "Johns Hopkins Hospital", "searching_for": "Child"}}, {"model": "sherlock.about", "pk": 16, "fields": {"user": 16, "biography": "", "birthdate": "1981-08-03", "city_of_birth": "Richmond", "state_of_birth": "Virginia (VA)", "country_of_birth": "", "sex_at_birth": "Male", "eye_color": "Brown", "mother_first_name": "", "mother_maiden_name": "", "mother_last_name": "", "father_first_name": "", "father_last_name": "", "birth_hospital": "Richmond Memorial", "searching_for": "Child"}}, {"model": "sherlock.about", "pk": 17, "fields": {"user": 17, "biography": "", "birthdate": "1993-03-21", "city_of_birth": "Albany", "state_of_birth": "New York (NY)", "country_of_birth": "", "sex_at_birth": "Male", "eye_color": "Hazel", "mother_first_name": "", "mother_maiden_name": "", "mother_last_name": "", "father_first_name": "", "father_last_name": "", "birth_hospital": "St. John Hospital", "searching_for": "Parent"}}, {"model": "sherlock.about", "pk": 18, "fields": {"user": 18, "biography": "", "birthdate": "1979-04-04", "city_of_birth": "Phoenix", "state_of_birth": "Arizona (AZ)", "country_of_birth": "", "sex_at_birth": "Male", "eye_color": "Gray", "mother_first_name": "", "mother_maiden_name": "", "mother_last_name": "", "father_first_name": "", "father_last_name": "", "birth_hospital": "Johns Hopkins Hospital", "searching_for": "Child"}}, {"model": "sherlock.about", "pk": 19, "fields": {"user": 19, "biography": "", "birthdate": "1995-12-27", "city_of_birth": "Lansing", "state_of_birth": "Michigan (MI)", "country_of_birth": "", "sex_at_birth": "Female", "eye_color": "Black", "mother_first_name": "", "mother_maiden_name": "", "mother_last_name": "", "father_first_name": "", "father_last_name": "", "birth_hospital": "St. Saint Hospital", "searching_for": "Uncle"}}, {"model": "sherlock.about", "pk": 20, "fields": {"user": 20, "biography": "", "birthdate": "1988-06-25", "city_of_birth": "Seattle", "state_of_birth": "Washington (WA)", "country_of_birth": "", "sex_at_birth": "Male", "eye_color": "Green", "mother_first_name": "", "mother_maiden_name": "", "mother_last_name": "", "father_first_name": "", "father_last_name": "", "birth_hospital": "Sacred Heart Hospital", "searching_for": "Parent"}}, {"model": "sherlock.about", "pk": 21, "fields": {"user": 21, "biography": "", "birthdate": "1983-09-16", "city_of_birth": "Austin", "state_of_birth": "Texas (TX)", "country_of_birth": "", "sex_at_birth": "Female", "eye_color": "Black", "mother_first_name": "", "mother_maiden_name": "", "mother_last_name": "", "father_first_name": "", "father_last_name": "", "birth_hospital": "General Hospital", "searching_for": "Parent"}}, {"model": "admin.logentry", "pk": 1, "fields": {"action_time": "2016-11-29T21:28:36.453Z", "user": 1, "content_type": 16, "object_id": "2", "object_repr": "2", "action_flag": 2, "change_message": "[{\"changed\": {\"fields\": [\"picture\"]}}]"}}, {"model": "admin.logentry", "pk": 2, "fields": {"action_time": "2016-11-29T21:28:49.112Z", "user": 1, "content_type": 16, "object_id": "3", "object_repr": "3", "action_flag": 2, "change_message": "[{\"changed\": {\"fields\": [\"picture\"]}}]"}}, {"model": "admin.logentry", "pk": 3, "fields": {"action_time": "2016-11-29T21:29:03.254Z", "user": 1, "content_type": 16, "object_id": "4", "object_repr": "4", "action_flag": 2, "change_message": "[{\"changed\": {\"fields\": [\"picture\"]}}]"}}, {"model": "admin.logentry", "pk": 4, "fields": {"action_time": "2016-11-29T21:29:18.922Z", "user": 1, "content_type": 16, "object_id": "5", "object_repr": "5", "action_flag": 2, "change_message": "[{\"changed\": {\"fields\": [\"picture\"]}}]"}}, {"model": "admin.logentry", "pk": 5, "fields": {"action_time": "2016-11-29T21:29:38.994Z", "user": 1, "content_type": 16, "object_id": "6", "object_repr": "6", "action_flag": 2, "change_message": "[{\"changed\": {\"fields\": [\"picture\"]}}]"}}, {"model": "admin.logentry", "pk": 6, "fields": {"action_time": "2016-11-29T21:29:55.187Z", "user": 1, "content_type": 16, "object_id": "7", "object_repr": "7", "action_flag": 2, "change_message": "[]"}}, {"model": "admin.logentry", "pk": 7, "fields": {"action_time": "2016-11-29T21:30:12.224Z", "user": 1, "content_type": 16, "object_id": "7", "object_repr": "7", "action_flag": 2, "change_message": "[{\"changed\": {\"fields\": [\"picture\"]}}]"}}, {"model": "admin.logentry", "pk": 8, "fields": {"action_time": "2016-11-29T21:30:22.830Z", "user": 1, "content_type": 16, "object_id": "8", "object_repr": "8", "action_flag": 2, "change_message": "[{\"changed\": {\"fields\": [\"picture\"]}}]"}}, {"model": "admin.logentry", "pk": 9, "fields": {"action_time": "2016-11-29T21:30:36.946Z", "user": 1, "content_type": 16, "object_id": "9", "object_repr": "9", "action_flag": 2, "change_message": "[{\"changed\": {\"fields\": [\"picture\"]}}]"}}, {"model": "admin.logentry", "pk": 10, "fields": {"action_time": "2016-11-29T21:30:51.053Z", "user": 1, "content_type": 16, "object_id": "10", "object_repr": "10", "action_flag": 2, "change_message": "[{\"changed\": {\"fields\": [\"picture\"]}}]"}}, {"model": "admin.logentry", "pk": 11, "fields": {"action_time": "2016-11-29T21:31:03.102Z", "user": 1, "content_type": 16, "object_id": "11", "object_repr": "11", "action_flag": 2, "change_message": "[{\"changed\": {\"fields\": [\"picture\"]}}]"}}, {"model": "admin.logentry", "pk": 12, "fields": {"action_time": "2016-11-29T21:31:19.515Z", "user": 1, "content_type": 16, "object_id": "12", "object_repr": "12", "action_flag": 2, "change_message": "[{\"changed\": {\"fields\": [\"picture\"]}}]"}}, {"model": "admin.logentry", "pk": 13, "fields": {"action_time": "2016-11-29T21:31:29.273Z", "user": 1, "content_type": 16, "object_id": "13", "object_repr": "13", "action_flag": 2, "change_message": "[{\"changed\": {\"fields\": [\"picture\"]}}]"}}, {"model": "admin.logentry", "pk": 14, "fields": {"action_time": "2016-11-29T21:31:38.845Z", "user": 1, "content_type": 16, "object_id": "14", "object_repr": "14", "action_flag": 2, "change_message": "[{\"changed\": {\"fields\": [\"picture\"]}}]"}}, {"model": "admin.logentry", "pk": 15, "fields": {"action_time": "2016-11-29T21:31:55.460Z", "user": 1, "content_type": 16, "object_id": "15", "object_repr": "15", "action_flag": 2, "change_message": "[{\"changed\": {\"fields\": [\"picture\"]}}]"}}, {"model": "admin.logentry", "pk": 16, "fields": {"action_time": "2016-11-29T21:32:18.828Z", "user": 1, "content_type": 16, "object_id": "16", "object_repr": "16", "action_flag": 2, "change_message": "[{\"changed\": {\"fields\": [\"picture\"]}}]"}}, {"model": "admin.logentry", "pk": 17, "fields": {"action_time": "2016-11-29T21:32:42.594Z", "user": 1, "content_type": 16, "object_id": "16", "object_repr": "16", "action_flag": 2, "change_message": "[{\"changed\": {\"fields\": [\"picture\"]}}]"}}, {"model": "admin.logentry", "pk": 18, "fields": {"action_time": "2016-11-29T21:32:57.204Z", "user": 1, "content_type": 16, "object_id": "17", "object_repr": "17", "action_flag": 2, "change_message": "[{\"changed\": {\"fields\": [\"picture\"]}}]"}}, {"model": "admin.logentry", "pk": 19, "fields": {"action_time": "2016-11-29T21:33:20.598Z", "user": 1, "content_type": 16, "object_id": "18", "object_repr": "18", "action_flag": 2, "change_message": "[{\"changed\": {\"fields\": [\"picture\"]}}]"}}, {"model": "admin.logentry", "pk": 20, "fields": {"action_time": "2016-11-29T21:33:38.053Z", "user": 1, "content_type": 16, "object_id": "19", "object_repr": "19", "action_flag": 2, "change_message": "[{\"changed\": {\"fields\": [\"picture\"]}}]"}}, {"model": "admin.logentry", "pk": 21, "fields": {"action_time": "2016-11-29T21:34:36.882Z", "user": 1, "content_type": 16, "object_id": "21", "object_repr": "21", "action_flag": 2, "change_message": "[{\"changed\": {\"fields\": [\"picture\"]}}]"}}, {"model": "admin.logentry", "pk": 22, "fields": {"action_time": "2016-11-29T21:35:24.432Z", "user": 1, "content_type": 16, "object_id": "20", "object_repr": "20", "action_flag": 2, "change_message": "[{\"changed\": {\"fields\": [\"picture\"]}}]"}}, {"model": "admin.logentry", "pk": 23, "fields": {"action_time": "2016-11-29T22:02:31.790Z", "user": 1, "content_type": 17, "object_id": "1", "object_repr": "About object", "action_flag": 2, "change_message": "[{\"changed\": {\"fields\": [\"sex_at_birth\", \"eye_color\", \"searching_for\"]}}]"}}, {"model": "admin.logentry", "pk": 24, "fields": {"action_time": "2016-11-29T22:04:16.656Z", "user": 1, "content_type": 17, "object_id": "2", "object_repr": "About object", "action_flag": 2, "change_message": "[{\"changed\": {\"fields\": [\"birthdate\", \"city_of_birth\", \"sex_at_birth\", \"eye_color\", \"searching_for\"]}}]"}}, {"model": "admin.logentry", "pk": 25, "fields": {"action_time": "2016-11-29T22:11:52.365Z", "user": 1, "content_type": 17, "object_id": "2", "object_repr": "About object", "action_flag": 2, "change_message": "[{\"changed\": {\"fields\": [\"sex_at_birth\", \"eye_color\", \"searching_for\"]}}]"}}, {"model": "admin.logentry", "pk": 26, "fields": {"action_time": "2016-11-30T02:51:55.817Z", "user": 1, "content_type": 17, "object_id": "1", "object_repr": "About object", "action_flag": 2, "change_message": "[{\"changed\": {\"fields\": [\"birthdate\", \"eye_color\"]}}]"}}, {"model": "admin.logentry", "pk": 27, "fields": {"action_time": "2016-11-30T02:57:58.123Z", "user": 1, "content_type": 17, "object_id": "2", "object_repr": "About object", "action_flag": 2, "change_message": "[{\"changed\": {\"fields\": [\"birthdate\", \"city_of_birth\", \"state_of_birth\", \"country_of_birth\", \"sex_at_birth\"]}}]"}}, {"model": "admin.logentry", "pk": 28, "fields": {"action_time": "2016-11-30T03:13:04.126Z", "user": 1, "content_type": 17, "object_id": "2", "object_repr": "About object", "action_flag": 2, "change_message": "[{\"changed\": {\"fields\": [\"mother_first_name\", \"mother_last_name\", \"father_first_name\", \"father_last_name\"]}}]"}}, {"model": "admin.logentry", "pk": 29, "fields": {"action_time": "2016-11-30T03:24:02.239Z", "user": 1, "content_type": 17, "object_id": "3", "object_repr": "About object", "action_flag": 2, "change_message": "[{\"changed\": {\"fields\": [\"birthdate\", \"city_of_birth\", \"state_of_birth\", \"country_of_birth\", \"sex_at_birth\", \"mother_first_name\", \"mother_last_name\", \"father_last_name\", \"searching_for\"]}}]"}}, {"model": "admin.logentry", "pk": 30, "fields": {"action_time": "2016-11-30T03:24:37.014Z", "user": 1, "content_type": 17, "object_id": "2", "object_repr": "About object", "action_flag": 2, "change_message": "[{\"changed\": {\"fields\": [\"searching_for\"]}}]"}}, {"model": "admin.logentry", "pk": 31, "fields": {"action_time": "2016-11-30T03:26:01.265Z", "user": 1, "content_type": 17, "object_id": "3", "object_repr": "About object", "action_flag": 2, "change_message": "[]"}}, {"model": "admin.logentry", "pk": 32, "fields": {"action_time": "2016-11-30T03:27:06.478Z", "user": 1, "content_type": 17, "object_id": "4", "object_repr": "About object", "action_flag": 2, "change_message": "[{\"changed\": {\"fields\": [\"city_of_birth\", \"state_of_birth\", \"country_of_birth\", \"sex_at_birth\", \"searching_for\"]}}]"}}, {"model": "admin.logentry", "pk": 33, "fields": {"action_time": "2016-11-30T03:28:08.513Z", "user": 1, "content_type": 17, "object_id": "4", "object_repr": "About object", "action_flag": 2, "change_message": "[{\"changed\": {\"fields\": [\"state_of_birth\"]}}]"}}, {"model": "admin.logentry", "pk": 34, "fields": {"action_time": "2016-11-30T03:31:35.094Z", "user": 1, "content_type": 17, "object_id": "5", "object_repr": "About object", "action_flag": 2, "change_message": "[{\"changed\": {\"fields\": [\"city_of_birth\", \"state_of_birth\", \"sex_at_birth\", \"searching_for\"]}}]"}}, {"model": "admin.logentry", "pk": 35, "fields": {"action_time": "2016-11-30T03:33:33.267Z", "user": 1, "content_type": 17, "object_id": "6", "object_repr": "About object", "action_flag": 2, "change_message": "[{\"changed\": {\"fields\": [\"birthdate\", \"city_of_birth\", \"state_of_birth\", \"sex_at_birth\", \"searching_for\"]}}]"}}, {"model": "admin.logentry", "pk": 36, "fields": {"action_time": "2016-11-30T03:37:39.997Z", "user": 1, "content_type": 17, "object_id": "7", "object_repr": "About object", "action_flag": 2, "change_message": "[{\"changed\": {\"fields\": [\"birthdate\", \"city_of_birth\", \"state_of_birth\", \"sex_at_birth\", \"searching_for\"]}}]"}}, {"model": "admin.logentry", "pk": 37, "fields": {"action_time": "2016-11-30T03:41:34.598Z", "user": 1, "content_type": 17, "object_id": "8", "object_repr": "About object", "action_flag": 2, "change_message": "[{\"changed\": {\"fields\": [\"city_of_birth\", \"state_of_birth\", \"sex_at_birth\", \"searching_for\"]}}]"}}, {"model": "admin.logentry", "pk": 38, "fields": {"action_time": "2016-11-30T03:42:02.897Z", "user": 1, "content_type": 17, "object_id": "8", "object_repr": "About object", "action_flag": 2, "change_message": "[{\"changed\": {\"fields\": [\"birthdate\"]}}]"}}, {"model": "admin.logentry", "pk": 39, "fields": {"action_time": "2016-11-30T03:44:50.488Z", "user": 1, "content_type": 17, "object_id": "9", "object_repr": "About object", "action_flag": 2, "change_message": "[{\"changed\": {\"fields\": [\"birthdate\", \"city_of_birth\", \"state_of_birth\", \"sex_at_birth\"]}}]"}}, {"model": "admin.logentry", "pk": 40, "fields": {"action_time": "2016-11-30T03:45:22.412Z", "user": 1, "content_type": 17, "object_id": "9", "object_repr": "About object", "action_flag": 2, "change_message": "[{\"changed\": {\"fields\": [\"birthdate\"]}}]"}}, {"model": "admin.logentry", "pk": 41, "fields": {"action_time": "2016-11-30T03:47:34.367Z", "user": 1, "content_type": 17, "object_id": "10", "object_repr": "About object", "action_flag": 2, "change_message": "[{\"changed\": {\"fields\": [\"birthdate\", \"city_of_birth\", \"state_of_birth\", \"sex_at_birth\"]}}]"}}, {"model": "admin.logentry", "pk": 42, "fields": {"action_time": "2016-11-30T03:50:26.401Z", "user": 1, "content_type": 17, "object_id": "11", "object_repr": "About object", "action_flag": 2, "change_message": "[{\"changed\": {\"fields\": [\"birthdate\", \"city_of_birth\", \"state_of_birth\", \"sex_at_birth\", \"searching_for\"]}}]"}}, {"model": "admin.logentry", "pk": 43, "fields": {"action_time": "2016-11-30T03:52:39.696Z", "user": 1, "content_type": 17, "object_id": "12", "object_repr": "About object", "action_flag": 2, "change_message": "[{\"changed\": {\"fields\": [\"birthdate\", \"city_of_birth\", \"state_of_birth\", \"sex_at_birth\", \"searching_for\"]}}]"}}, {"model": "admin.logentry", "pk": 44, "fields": {"action_time": "2016-11-30T03:52:52.891Z", "user": 1, "content_type": 17, "object_id": "12", "object_repr": "About object", "action_flag": 2, "change_message": "[]"}}, {"model": "admin.logentry", "pk": 45, "fields": {"action_time": "2016-11-30T03:55:54.049Z", "user": 1, "content_type": 17, "object_id": "13", "object_repr": "About object", "action_flag": 2, "change_message": "[{\"changed\": {\"fields\": [\"city_of_birth\", \"state_of_birth\", \"sex_at_birth\", \"eye_color\", \"searching_for\"]}}]"}}, {"model": "admin.logentry", "pk": 46, "fields": {"action_time": "2016-11-30T04:02:39.743Z", "user": 1, "content_type": 17, "object_id": "14", "object_repr": "About object", "action_flag": 2, "change_message": "[{\"changed\": {\"fields\": [\"birthdate\", \"city_of_birth\", \"state_of_birth\", \"sex_at_birth\"]}}]"}}, {"model": "admin.logentry", "pk": 47, "fields": {"action_time": "2016-11-30T04:03:12.674Z", "user": 1, "content_type": 17, "object_id": "14", "object_repr": "About object", "action_flag": 2, "change_message": "[{\"changed\": {\"fields\": [\"searching_for\"]}}]"}}, {"model": "admin.logentry", "pk": 48, "fields": {"action_time": "2016-11-30T04:07:54.830Z", "user": 1, "content_type": 17, "object_id": "15", "object_repr": "About object", "action_flag": 2, "change_message": "[{\"changed\": {\"fields\": [\"birthdate\", \"city_of_birth\", \"state_of_birth\", \"sex_at_birth\", \"eye_color\", \"searching_for\"]}}]"}}, {"model": "admin.logentry", "pk": 49, "fields": {"action_time": "2016-11-30T04:10:59.784Z", "user": 1, "content_type": 17, "object_id": "16", "object_repr": "About object", "action_flag": 2, "change_message": "[{\"changed\": {\"fields\": [\"city_of_birth\", \"state_of_birth\", \"sex_at_birth\", \"eye_color\", \"birth_hospital\", \"searching_for\"]}}]"}}, {"model": "admin.logentry", "pk": 50, "fields": {"action_time": "2016-11-30T04:12:52.743Z", "user": 1, "content_type": 17, "object_id": "16", "object_repr": "About object", "action_flag": 2, "change_message": "[{\"changed\": {\"fields\": [\"birthdate\"]}}]"}}, {"model": "admin.logentry", "pk": 51, "fields": {"action_time": "2016-11-30T04:14:01.744Z", "user": 1, "content_type": 17, "object_id": "17", "object_repr": "About object", "action_flag": 2, "change_message": "[{\"changed\": {\"fields\": [\"birthdate\", \"city_of_birth\", \"state_of_birth\", \"sex_at_birth\", \"birth_hospital\", \"searching_for\"]}}]"}}, {"model": "admin.logentry", "pk": 52, "fields": {"action_time": "2016-11-30T04:15:11.907Z", "user": 1, "content_type": 17, "object_id": "18", "object_repr": "About object", "action_flag": 2, "change_message": "[{\"changed\": {\"fields\": [\"birthdate\", \"city_of_birth\", \"state_of_birth\", \"sex_at_birth\", \"searching_for\"]}}]"}}, {"model": "admin.logentry", "pk": 53, "fields": {"action_time": "2016-11-30T04:16:10.591Z", "user": 1, "content_type": 17, "object_id": "19", "object_repr": "About object", "action_flag": 2, "change_message": "[{\"changed\": {\"fields\": [\"birthdate\", \"city_of_birth\", \"state_of_birth\", \"sex_at_birth\"]}}]"}}, {"model": "admin.logentry", "pk": 54, "fields": {"action_time": "2016-11-30T04:17:09.643Z", "user": 1, "content_type": 17, "object_id": "20", "object_repr": "About object", "action_flag": 2, "change_message": "[{\"changed\": {\"fields\": [\"city_of_birth\", \"state_of_birth\", \"sex_at_birth\", \"eye_color\", \"searching_for\"]}}]"}}, {"model": "admin.logentry", "pk": 55, "fields": {"action_time": "2016-11-30T04:17:33.088Z", "user": 1, "content_type": 17, "object_id": "20", "object_repr": "About object", "action_flag": 2, "change_message": "[{\"changed\": {\"fields\": [\"birthdate\"]}}]"}}, {"model": "admin.logentry", "pk": 56, "fields": {"action_time": "2016-11-30T04:18:00.437Z", "user": 1, "content_type": 17, "object_id": "21", "object_repr": "About object", "action_flag": 2, "change_message": "[{\"changed\": {\"fields\": [\"city_of_birth\", \"state_of_birth\", \"sex_at_birth\", \"searching_for\"]}}]"}}, {"model": "admin.logentry", "pk": 57, "fields": {"action_time": "2016-11-30T14:00:10.453Z", "user": 1, "content_type": 16, "object_id": "2", "object_repr": "2", "action_flag": 2, "change_message": "[{\"changed\": {\"fields\": [\"first_name\", \"last_name\"]}}]"}}]